{
  "model": "data/interim/asr/ct2_whisper_tr (faster-whisper:data/interim/asr/ct2_whisper_tr)",
  "lang": "tr",
  "split": "test",
  "n": 8391,
  "wer_raw": 0.5330346887204227,
  "cer_raw": 0.148085970353238,
  "latin_hawar_ratio_raw": 0.8442069815848436,
  "tr_token_bias_raw": 0.8383768411841913,
  "wer_translit": 0.5330346887204227,
  "cer_translit": 0.148085970353238,
  "latin_hawar_ratio_translit": 0.8442069815848436,
  "tr_token_bias_translit": 0.8383768411841913,
  "rtf": 0.06673621267347606,
  "total_audio_s": 34792.81772789152,
  "wall_s": 2321.940883398056,
  "beam_size": 5,
  "force_lang_requested": "tr",
  "force_lang_effective": "tr",
  "postproc": "none"
}