{
  "model": "data/interim/asr/ct2_whisper_zza (faster-whisper:data/interim/asr/ct2_whisper_zza)",
  "lang": "zza",
  "split": "test",
  "n": 392,
  "wer_raw": 1.0198785201546108,
  "cer_raw": 0.5749637721547207,
  "latin_hawar_ratio_raw": 0.7651640541329958,
  "tr_token_bias_raw": 0.6905851426346022,
  "wer_translit": 1.0198785201546108,
  "cer_translit": 0.5749637721547207,
  "latin_hawar_ratio_translit": 0.7651640541329958,
  "tr_token_bias_translit": 0.6905851426346022,
  "rtf": 0.09750942846299569,
  "total_audio_s": 1752.7329999999997,
  "wall_s": 170.9079930782318,
  "beam_size": 5,
  "force_lang_requested": "tr",
  "force_lang_effective": "tr",
  "postproc": "none"
}