{
  "model": "data/interim/asr/ct2_whisper_tr (faster-whisper:data/interim/asr/ct2_whisper_tr)",
  "lang": "tr",
  "split": "test",
  "n": 8391,
  "wer_raw": 0.5329198254077647,
  "cer_raw": 0.15431822960470984,
  "latin_hawar_ratio_raw": 0.8430185620277524,
  "tr_token_bias_raw": 0.8370344252625475,
  "wer_translit": 0.5329198254077647,
  "cer_translit": 0.15431822960470984,
  "latin_hawar_ratio_translit": 0.8430185620277524,
  "tr_token_bias_translit": 0.8370344252625475,
  "rtf": 0.0531840990154551,
  "total_audio_s": 34792.81772789152,
  "wall_s": 1850.424663066864,
  "beam_size": 5,
  "force_lang_requested": "auto",
  "force_lang_effective": "tr",
  "postproc": "none"
}