{
  "model": "data/interim/asr/ct2_whisper_tr (faster-whisper:data/interim/asr/ct2_whisper_tr)",
  "lang": "tr",
  "split": "test",
  "n": 8391,
  "wer_raw": 0.36135998162187,
  "cer_raw": 0.1484375,
  "latin_hawar_ratio_raw": 0.8224449050944279,
  "tr_token_bias_raw": 0.8222825100541635,
  "wer_translit": 0.36135998162187,
  "cer_translit": 0.1484375,
  "latin_hawar_ratio_translit": 0.8224449050944279,
  "tr_token_bias_translit": 0.8222825100541635,
  "rtf": 0.08077141203493125,
  "total_audio_s": 34792.81772789152,
  "wall_s": 2810.265016555786,
  "beam_size": 5,
  "force_lang_requested": "tr",
  "force_lang_effective": "tr",
  "postproc": "translit-strict"
}