{
  "model": "data/interim/asr/ct2_whisper_zza (faster-whisper:data/interim/asr/ct2_whisper_zza)",
  "lang": "zza",
  "split": "validation",
  "n": 50,
  "wer_raw": 0.9467213114754098,
  "cer_raw": 0.5953372189841799,
  "latin_hawar_ratio_raw": 0.6718972895863052,
  "tr_token_bias_raw": 0.609129814550642,
  "wer_translit": 0.9467213114754098,
  "cer_translit": 0.5953372189841799,
  "latin_hawar_ratio_translit": 0.6718972895863052,
  "tr_token_bias_translit": 0.609129814550642,
  "rtf": 0.11103821939682355,
  "total_audio_s": 205.44715625,
  "wall_s": 22.81248641014099,
  "beam_size": 5,
  "force_lang_requested": "auto",
  "force_lang_effective": "tr",
  "postproc": "none"
}