{
  "model": "data/interim/asr/ct2_whisper_kmr (faster-whisper:data/interim/asr/ct2_whisper_kmr)",
  "lang": "kmr",
  "split": "test",
  "n": 3991,
  "wer_raw": 1.0033148288669675,
  "cer_raw": 0.49709053634324735,
  "latin_hawar_ratio_raw": 0.7949926272745238,
  "tr_token_bias_raw": 0.7056154325585637,
  "wer_translit": 1.0033148288669675,
  "cer_translit": 0.49709053634324735,
  "latin_hawar_ratio_translit": 0.7949926272745238,
  "tr_token_bias_translit": 0.7056154325585637,
  "rtf": 0.09738380888039705,
  "total_audio_s": 18573.78865624998,
  "wall_s": 1808.786284685135,
  "beam_size": 5,
  "force_lang_requested": "auto",
  "force_lang_effective": "tr",
  "postproc": "none"
}