{
  "model": "data/interim/asr/ct2_whisper_kmr (faster-whisper:data/interim/asr/ct2_whisper_kmr)",
  "lang": "kmr",
  "split": "test",
  "n": 3991,
  "wer_raw": 0.9986820559926515,
  "cer_raw": 0.47615781239161764,
  "latin_hawar_ratio_raw": 0.7679938973315783,
  "tr_token_bias_raw": 0.6750927366279765,
  "wer_translit": 0.9986820559926515,
  "cer_translit": 0.47615781239161764,
  "latin_hawar_ratio_translit": 0.7679938973315783,
  "tr_token_bias_translit": 0.6750927366279765,
  "rtf": 0.10622655310079539,
  "total_audio_s": 18573.78865624998,
  "wall_s": 1973.0295469760895,
  "beam_size": 5,
  "force_lang_requested": "tr",
  "force_lang_effective": "tr",
  "postproc": "none"
}