{
  "model": "data/interim/asr/ct2_whisper_kmr (faster-whisper:data/interim/asr/ct2_whisper_kmr)",
  "lang": "kmr",
  "split": "test",
  "n": 3991,
  "wer_raw": 1.008506729501977,
  "cer_raw": 0.47563372357397743,
  "latin_hawar_ratio_raw": 0.7701087198350662,
  "tr_token_bias_raw": 0.680247993948473,
  "wer_translit": 1.0084667918047845,
  "cer_translit": 0.4743697446608452,
  "latin_hawar_ratio_translit": 0.7722562988125524,
  "tr_token_bias_translit": 0.6821408174920454,
  "rtf": 0.12379695171766608,
  "total_audio_s": 18573.78865624998,
  "wall_s": 2299.378417491913,
  "beam_size": 5,
  "force_lang_requested": "kmr",
  "force_lang_effective": "tr",
  "postproc": "translit-strict"
}