{
  "model": "data/interim/asr/ct2_whisper_kmr (faster-whisper:data/interim/asr/ct2_whisper_kmr)",
  "lang": "kmr",
  "split": "validation",
  "n": 100,
  "wer_raw": 1.0183946488294315,
  "cer_raw": 0.47846441947565543,
  "latin_hawar_ratio_raw": 0.7626768867924528,
  "tr_token_bias_raw": 0.6818985849056604,
  "wer_translit": 1.0183946488294315,
  "cer_translit": 0.47846441947565543,
  "latin_hawar_ratio_translit": 0.7626768867924528,
  "tr_token_bias_translit": 0.6818985849056604,
  "rtf": 0.099171003436827,
  "total_audio_s": 497.49696875000024,
  "wall_s": 49.337273597717285,
  "beam_size": 5,
  "force_lang_requested": "tr",
  "force_lang_effective": "tr",
  "postproc": "none"
}