{
  "model": "data/interim/asr/ct2_whisper_tr (faster-whisper:data/interim/asr/ct2_whisper_tr)",
  "lang": "tr",
  "split": "validation",
  "n": 71047,
  "wer_raw": 0.3273675687640528,
  "cer_raw": 0.10421475319062051,
  "latin_hawar_ratio_raw": 0.8181319837841959,
  "tr_token_bias_raw": 0.818048700448487,
  "wer_translit": 0.3273675687640528,
  "cer_translit": 0.10421475319062051,
  "latin_hawar_ratio_translit": 0.8181319837841959,
  "tr_token_bias_translit": 0.818048700448487,
  "rtf": 0.06267937218909415,
  "total_audio_s": 259882.54359007574,
  "wall_s": 16289.274675130844,
  "beam_size": 1,
  "force_lang_requested": "tr",
  "force_lang_effective": "tr",
  "postproc": "none"
}