{
  "model": "data/interim/asr/ct2_whisper_kmr (faster-whisper:data/interim/asr/ct2_whisper_kmr)",
  "lang": "kmr",
  "split": "validation",
  "n": 100,
  "wer_raw": 1.0100334448160535,
  "cer_raw": 0.5284019975031211,
  "latin_hawar_ratio_raw": 0.6552880219445291,
  "tr_token_bias_raw": 0.5992075586711368,
  "wer_translit": 1.0100334448160535,
  "cer_translit": 0.47908863920099876,
  "latin_hawar_ratio_translit": 0.746474555487431,
  "tr_token_bias_translit": 0.6793378295524218,
  "rtf": 0.10338790714905954,
  "total_audio_s": 497.49696875000024,
  "wall_s": 51.4351704120636,
  "beam_size": 5,
  "force_lang_requested": "kmr",
  "force_lang_effective": null,
  "postproc": "translit-strict"
}