{
  "model": "data/interim/asr/ct2_whisper_kmr (faster-whisper:data/interim/asr/ct2_whisper_kmr)",
  "lang": "kmr",
  "split": "test",
  "n": 3991,
  "wer_raw": 1.0162147050601062,
  "cer_raw": 0.481737816861787,
  "latin_hawar_ratio_raw": 0.7802198621759494,
  "tr_token_bias_raw": 0.7062811371975777,
  "wer_translit": 1.0162147050601062,
  "cer_translit": 0.481737816861787,
  "latin_hawar_ratio_translit": 0.7802198621759494,
  "tr_token_bias_translit": 0.7062811371975777,
  "rtf": 0.09819678136768413,
  "total_audio_s": 18573.78865624998,
  "wall_s": 1823.886263847351,
  "beam_size": 1,
  "force_lang_requested": "kmr",
  "force_lang_effective": "tr",
  "postproc": "none"
}