{
  "model": "data/interim/asr/ct2_whisper_zza (faster-whisper:data/interim/asr/ct2_whisper_zza)",
  "lang": "zza",
  "split": "validation",
  "n": 1589,
  "wer_raw": 0.959022086400889,
  "cer_raw": 0.44007221234944005,
  "latin_hawar_ratio_raw": 0.7890067085046527,
  "tr_token_bias_raw": 0.7190813676693356,
  "wer_translit": 0.959022086400889,
  "cer_translit": 0.43984654875743984,
  "latin_hawar_ratio_translit": 0.789579049886376,
  "tr_token_bias_translit": 0.7195920354939942,
  "rtf": 0.11764136104963706,
  "total_audio_s": 6608.246499999988,
  "wall_s": 777.403112411499,
  "beam_size": 5,
  "force_lang_requested": "zza",
  "force_lang_effective": "tr",
  "postproc": "translit-strict"
}