{
  "model": "openai/whisper-large-v2",
  "lang": "kmr",
  "split": "test",
  "n": 3991,
  "wer": 2.232501497304851,
  "cer": 1.6791471493442975,
  "rtf": 0.08128605495159007,
  "total_audio_s": 18531.431999999964,
  "wall_s": 1506.3469998836517,
  "tr_token_bias": 0.0,
  "latin_hawar_ratio": 0.9984551935259853,
  "beam_size": 1,
  "batch_size": 2,
  "forced_language": "auto",
  "prompt_tokens": null,
  "min_new_tokens": 12,
  "max_new_tokens": 160,
  "bias_fallback_batch_retries": 0,
  "bias_fallback_single_fixes": 0,
  "tag": "large"
}