{
  "nodes": 505,
  "edges": 1155,
  "weighted_edges_sum": 1180,
  "avg_weighted_degree": 4.673267326732673,
  "density": 0.009075907590759076,
  "avg_edge_weight": 1.0216450216450217,
  "median_weighted_degree": 4,
  "max_weighted_degree": 28,
  "min_weighted_degree": 4
}