{
  "file": "reports/analysis\\kmr_kg_full_pmi.tsv",
  "nodes": 505,
  "edges": 1155,
  "degree": {
    "min": 4.0,
    "max": 27.0,
    "mean": 4.574257425742574,
    "median": 4.0,
    "p90": 4.0
  },
  "weighted_degree": {
    "min": 19.816326999999998,
    "max": 102.31853100000001,
    "mean": 28.549466027722772,
    "median": 27.530572,
    "p90": 27.530572
  },
  "eigenvector": {},
  "betweenness": {
    "min": 0.0,
    "max": 0.03725975675528359,
    "mean": 0.0002938716904919688,
    "median": 0.0,
    "p90": 0.0
  },
  "clustering": {
    "min": 0.1225071225071225,
    "max": 1.0,
    "mean": 0.9465611602960152,
    "median": 1.0,
    "p90": 1.0
  },
  "components": {
    "count": 62,
    "sizes": {
      "min": 5.0,
      "max": 90.0,
      "mean": 8.14516129032258,
      "median": 5.0,
      "p90": 7.699999999999996
    }
  }
}