{
  "file": "reports/analysis\\zza_kg_full_pmi.tsv",
  "nodes": 444,
  "edges": 1119,
  "degree": {
    "min": 4.0,
    "max": 31.0,
    "mean": 5.04054054054054,
    "median": 4.0,
    "p90": 8.0
  },
  "weighted_degree": {
    "min": 15.090348,
    "max": 97.70434099999997,
    "mean": 29.287922986486485,
    "median": 28.044908,
    "p90": 41.5729876
  },
  "eigenvector": {},
  "betweenness": {
    "min": 0.0,
    "max": 0.09804456597711143,
    "mean": 0.0018059663525073163,
    "median": 0.0,
    "p90": 0.0003239357906732757
  },
  "clustering": {
    "min": 0.12473118279569892,
    "max": 1.0,
    "mean": 0.9108493894422187,
    "median": 1.0,
    "p90": 1.0
  },
  "components": {
    "count": 42,
    "sizes": {
      "min": 5.0,
      "max": 209.0,
      "mean": 10.571428571428571,
      "median": 5.0,
      "p90": 8.899999999999999
    }
  }
}