{
  "edges": 150,
  "min": 0.736965594166,
  "max": 3.906890595609,
  "avg": 3.386629928826,
  "topics": 15,
  "weighting": "pmi"
}