{
  "edges": 150,
  "min": 2.708050201102,
  "max": 2.708050201102,
  "avg": 2.708050201102,
  "topics": 15,
  "weighting": "tfidf"
}