{
  "edges": 1155,
  "min": 4.770684624466,
  "max": 13.537561053383,
  "avg": 4.840474426633,
  "topics": 118,
  "weighting": "tfidf"
}