{
  "edges": 1155,
  "min": 1.267933205247,
  "max": 6.882643049362,
  "avg": 6.241333479024,
  "topics": 118,
  "weighting": "pmi"
}