{
  "edges": 1130,
  "min": 3.832890014165,
  "max": 6.832890014165,
  "avg": 6.598793266366,
  "topics": 114,
  "weighting": "pmi"
}