{
  "edges": 1119,
  "min": 4.859812404362,
  "max": 23.963290443229,
  "avg": 5.320785231779,
  "topics": 129,
  "weighting": "tfidf"
}