{
  "edges": 1119,
  "min": 0.841302253981,
  "max": 7.011227255423,
  "avg": 5.810472837596,
  "topics": 129,
  "weighting": "pmi"
}