{
  "edges": 142,
  "min": 2.708050201102,
  "max": 4.029806041085,
  "avg": 2.782515318848,
  "topics": 15,
  "weighting": "tfidf"
}