{
  "file": "reports/analysis\\kmr_kg_top15_tfidf.tsv",
  "nodes": 66,
  "edges": 150,
  "degree": {
    "min": 4.0,
    "max": 12.0,
    "mean": 4.545454545454546,
    "median": 4.0,
    "p90": 6.0
  },
  "weighted_degree": {
    "min": 10.8322,
    "max": 32.4966,
    "mean": 12.309318181818181,
    "median": 10.8322,
    "p90": 16.2483
  },
  "eigenvector": {},
  "betweenness": {
    "min": 0.0,
    "max": 0.11538461538461539,
    "mean": 0.0054778554778554785,
    "median": 0.0,
    "p90": 0.0038461538461538464
  },
  "clustering": {
    "min": 0.2727272727272727,
    "max": 1.0,
    "mean": 0.9346713892168437,
    "median": 1.0,
    "p90": 1.0
  },
  "components": {
    "count": 6,
    "sizes": {
      "min": 5.0,
      "max": 29.0,
      "mean": 11.0,
      "median": 7.0,
      "p90": 21.0
    }
  }
}