{
  "edges": 1155,
  "min": 0.8788643263550382,
  "max": 4.770684624465664,
  "avg": 4.326162703919684,
  "topics": 118,
  "weighting": "pmi"
}