{
  "file": "reports/analysis\\kmr_kg_full_tfidf.tsv",
  "nodes": 505,
  "edges": 1155,
  "degree": {
    "min": 4.0,
    "max": 27.0,
    "mean": 4.574257425742574,
    "median": 4.0,
    "p90": 4.0
  },
  "weighted_degree": {
    "min": 19.08274,
    "max": 132.192885,
    "mean": 22.141577786138615,
    "median": 19.08274,
    "p90": 19.08274
  },
  "eigenvector": {},
  "betweenness": {
    "min": 0.0,
    "max": 0.032232934165091216,
    "mean": 0.00029458888802825177,
    "median": 0.0,
    "p90": 3.395482085840067e-05
  },
  "clustering": {
    "min": 0.1225071225071225,
    "max": 1.0,
    "mean": 0.9465611602960152,
    "median": 1.0,
    "p90": 1.0
  },
  "components": {
    "count": 62,
    "sizes": {
      "min": 5.0,
      "max": 90.0,
      "mean": 8.14516129032258,
      "median": 5.0,
      "p90": 7.699999999999996
    }
  }
}