{
  "edges": 1130,
  "min": 2.6567569067146595,
  "max": 4.736198448394496,
  "avg": 4.573934947679281,
  "topics": 114,
  "weighting": "pmi"
}