{
  "edges": 150,
  "min": 2.906890595609,
  "max": 3.906890595609,
  "avg": 3.800223928942,
  "topics": 15,
  "weighting": "pmi"
}