{
  "file": "reports/analysis\\tr_kg_full_pmi.tsv",
  "nodes": 535,
  "edges": 1130,
  "degree": {
    "min": 4.0,
    "max": 15.0,
    "mean": 4.224299065420561,
    "median": 4.0,
    "p90": 4.0
  },
  "weighted_degree": {
    "min": 15.073592000000001,
    "max": 47.763654,
    "mean": 19.321667409345796,
    "median": 18.944792,
    "p90": 18.944792
  },
  "eigenvector": {},
  "betweenness": {
    "min": 0.0,
    "max": 0.0019614115197181432,
    "mean": 1.3442695773769207e-05,
    "median": 0.0,
    "p90": 0.0
  },
  "clustering": {
    "min": 0.22857142857142856,
    "max": 1.0,
    "mean": 0.9712926326010438,
    "median": 1.0,
    "p90": 1.0
  },
  "components": {
    "count": 87,
    "sizes": {
      "min": 5.0,
      "max": 35.0,
      "mean": 6.149425287356322,
      "median": 5.0,
      "p90": 9.0
    }
  }
}