{
  "edges": 1130,
  "min": 4.736198448394,
  "max": 10.912758479179,
  "avg": 4.765380565854,
  "topics": 114,
  "weighting": "tfidf"
}