{
  "edges": 150,
  "min": 2.70805020110221,
  "max": 2.70805020110221,
  "avg": 2.7080502011022007,
  "topics": 15,
  "weighting": "tfidf"
}