{
  "file": "reports/analysis\\zza_kg_full_tfidf.tsv",
  "nodes": 444,
  "edges": 1119,
  "degree": {
    "min": 4.0,
    "max": 31.0,
    "mean": 5.04054054054054,
    "median": 4.0,
    "p90": 8.0
  },
  "weighted_degree": {
    "min": 19.439248,
    "max": 200.77279600000006,
    "mean": 26.81963164864865,
    "median": 19.439248,
    "p90": 38.87849599999999
  },
  "eigenvector": {},
  "betweenness": {
    "min": 0.0,
    "max": 0.07569299642065541,
    "mean": 0.0017675415364965222,
    "median": 0.0,
    "p90": 0.0012957431626931027
  },
  "clustering": {
    "min": 0.12473118279569892,
    "max": 1.0,
    "mean": 0.9108493894422187,
    "median": 1.0,
    "p90": 1.0
  },
  "components": {
    "count": 42,
    "sizes": {
      "min": 5.0,
      "max": 209.0,
      "mean": 10.571428571428571,
      "median": 5.0,
      "p90": 8.899999999999999
    }
  }
}