{
  "edges": 142,
  "min": 2.906890595609,
  "max": 3.906890595609,
  "avg": 3.512524398425,
  "topics": 15,
  "weighting": "pmi"
}