{
  "edges": 142,
  "min": 2.70805020110221,
  "max": 4.029806041084529,
  "avg": 2.782515318847684,
  "topics": 15,
  "weighting": "tfidf"
}