{
  "edges": 1119,
  "min": 0.583146285345617,
  "max": 4.859812404361672,
  "avg": 4.0275128650998315,
  "topics": 129,
  "weighting": "pmi"
}